End Date,End Time,PM10,Status/units,NO,Status/units,NO2,Status/units,NOXasNO2,Status/units,NV10,Status/units,NV25,Status/units,PM25,Status/units,V10,Status/units,V25,Status/units
14-08-2024,01:00:00,8,P ugm-3 (TEOM FDMS),1.48844,P ugm-3,10.39763,P ugm-3,12.67988,P ugm-3,5.2,P ugm-3 (TEOM FDMS),3.6,P ugm-3 (TEOM FDMS),4.1,P ugm-3 (TEOM FDMS),2.8,P ugm-3 (TEOM FDMS),0.4,P ugm-3 (TEOM FDMS)
14-08-2024,02:00:00,11.4,P ugm-3 (TEOM FDMS),0.98952,P ugm-3,9.843,P ugm-3,11.36025,P ugm-3,8.1,P ugm-3 (TEOM FDMS),4.8,P ugm-3 (TEOM FDMS),5.2,P ugm-3 (TEOM FDMS),3.3,P ugm-3 (TEOM FDMS),0.4,P ugm-3 (TEOM FDMS)
14-08-2024,03:00:00,12.5,P ugm-3 (TEOM FDMS),0.50516,P ugm-3,11.73319,P ugm-3,12.50775,P ugm-3,8.1,P ugm-3 (TEOM FDMS),4.9,P ugm-3 (TEOM FDMS),6.2,P ugm-3 (TEOM FDMS),4.4,P ugm-3 (TEOM FDMS),1.3,P ugm-3 (TEOM FDMS)
14-08-2024,04:00:00,13.1,P ugm-3 (TEOM FDMS),1.20676,P ugm-3,13.03847,P ugm-3,14.88881,P ugm-3,9.7,P ugm-3 (TEOM FDMS),5.6,P ugm-3 (TEOM FDMS),5.7,P ugm-3 (TEOM FDMS),3.4,P ugm-3 (TEOM FDMS),0.1,P ugm-3 (TEOM FDMS)
14-08-2024,05:00:00,14.5,P ugm-3 (TEOM FDMS),10.84216,P ugm-3,18.666,P ugm-3,35.29041,P ugm-3,12.6,P ugm-3 (TEOM FDMS),5.1,P ugm-3 (TEOM FDMS),4.1,P ugm-3 (TEOM FDMS),1.9,P ugm-3 (TEOM FDMS),-1,P ugm-3 (TEOM FDMS)
14-08-2024,06:00:00,14.8,P ugm-3 (TEOM FDMS),9.54185,P ugm-3,22.32366,P ugm-3,36.95428,P ugm-3,12.7,P ugm-3 (TEOM FDMS),7.4,P ugm-3 (TEOM FDMS),6.5,P ugm-3 (TEOM FDMS),2.1,P ugm-3 (TEOM FDMS),-0.9,P ugm-3 (TEOM FDMS)
14-08-2024,07:00:00,12,P ugm-3 (TEOM FDMS),19.00262,P ugm-3,23.70544,P ugm-3,52.84238,P ugm-3,10.9,P ugm-3 (TEOM FDMS),7,P ugm-3 (TEOM FDMS),4.8,P ugm-3 (TEOM FDMS),1.1,P ugm-3 (TEOM FDMS),-2.2,P ugm-3 (TEOM FDMS)
14-08-2024,08:00:00,11.7,P ugm-3 (TEOM FDMS),25.47922,P ugm-3,23.74847,P ugm-3,62.81606,P ugm-3,10.7,P ugm-3 (TEOM FDMS),6,P ugm-3 (TEOM FDMS),3.8,P ugm-3 (TEOM FDMS),0.9,P ugm-3 (TEOM FDMS),-2.2,P ugm-3 (TEOM FDMS)
14-08-2024,09:00:00,13.1,P ugm-3 (TEOM FDMS),27.19738,P ugm-3,21.86944,P ugm-3,63.5715,P ugm-3,9.1,P ugm-3 (TEOM FDMS),4.7,P ugm-3 (TEOM FDMS),4.6,P ugm-3 (TEOM FDMS),4,P ugm-3 (TEOM FDMS),0,P ugm-3 (TEOM FDMS)
14-08-2024,10:00:00,21.1,P ugm-3 (TEOM FDMS),27.95511,P ugm-3,25.66097,P ugm-3,68.52488,P ugm-3,16.3,P ugm-3 (TEOM FDMS),5.9,P ugm-3 (TEOM FDMS),6.4,P ugm-3 (TEOM FDMS),4.8,P ugm-3 (TEOM FDMS),0.5,P ugm-3 (TEOM FDMS)
14-08-2024,11:00:00,15.3,P ugm-3 (TEOM FDMS),26.03427,P ugm-3,23.44247,P ugm-3,63.36113,P ugm-3,11.3,P ugm-3 (TEOM FDMS),4.9,P ugm-3 (TEOM FDMS),4.8,P ugm-3 (TEOM FDMS),3.9,P ugm-3 (TEOM FDMS),-0.1,P ugm-3 (TEOM FDMS)
14-08-2024,12:00:00,20,P ugm-3 (TEOM FDMS),18.13574,P ugm-3,25.13981,P ugm-3,52.94756,P ugm-3,13.8,P ugm-3 (TEOM FDMS),7.2,P ugm-3 (TEOM FDMS),9.3,P ugm-3 (TEOM FDMS),6.2,P ugm-3 (TEOM FDMS),2.1,P ugm-3 (TEOM FDMS)
14-08-2024,13:00:00,14.3,P ugm-3 (TEOM FDMS),11.86494,P ugm-3,19.01503,P ugm-3,37.20769,P ugm-3,9.2,P ugm-3 (TEOM FDMS),3.3,P ugm-3 (TEOM FDMS),4.4,P ugm-3 (TEOM FDMS),5.1,P ugm-3 (TEOM FDMS),1.1,P ugm-3 (TEOM FDMS)
14-08-2024,14:00:00,12.2,P ugm-3 (TEOM FDMS),10.67065,P ugm-3,18.82378,P ugm-3,35.18522,P ugm-3,9.3,P ugm-3 (TEOM FDMS),4.6,P ugm-3 (TEOM FDMS),4.6,P ugm-3 (TEOM FDMS),2.9,P ugm-3 (TEOM FDMS),0,P ugm-3 (TEOM FDMS)
14-08-2024,15:00:00,14.1,P ugm-3 (TEOM FDMS),17.48715,P ugm-3,21.88378,P ugm-3,48.69703,P ugm-3,10.9,P ugm-3 (TEOM FDMS),5.4,P ugm-3 (TEOM FDMS),5.6,P ugm-3 (TEOM FDMS),3.2,P ugm-3 (TEOM FDMS),0.2,P ugm-3 (TEOM FDMS)
14-08-2024,16:00:00,15.3,P ugm-3 (TEOM FDMS),19.99422,P ugm-3,27.69778,P ugm-3,58.35516,P ugm-3,10.5,P ugm-3 (TEOM FDMS),3.9,P ugm-3 (TEOM FDMS),5,P ugm-3 (TEOM FDMS),4.8,P ugm-3 (TEOM FDMS),1,P ugm-3 (TEOM FDMS)
14-08-2024,17:00:00,15.1,P ugm-3 (TEOM FDMS),8.81841,P ugm-3,18.76163,P ugm-3,32.283,P ugm-3,10.1,P ugm-3 (TEOM FDMS),3.3,P ugm-3 (TEOM FDMS),4.2,P ugm-3 (TEOM FDMS),5,P ugm-3 (TEOM FDMS),0.9,P ugm-3 (TEOM FDMS)
14-08-2024,18:00:00,19,P ugm-3 (TEOM FDMS),12.15806,P ugm-3,26.11519,P ugm-3,44.75728,P ugm-3,13.3,P ugm-3 (TEOM FDMS),5.3,P ugm-3 (TEOM FDMS),7.4,P ugm-3 (TEOM FDMS),5.7,P ugm-3 (TEOM FDMS),2.1,P ugm-3 (TEOM FDMS)
14-08-2024,19:00:00,18.3,P ugm-3 (TEOM FDMS),5.35404,P ugm-3,16.71047,P ugm-3,24.91988,P ugm-3,15.1,P ugm-3 (TEOM FDMS),7.1,P ugm-3 (TEOM FDMS),7.6,P ugm-3 (TEOM FDMS),3.2,P ugm-3 (TEOM FDMS),0.5,P ugm-3 (TEOM FDMS)
14-08-2024,20:00:00,18.7,P ugm-3 (TEOM FDMS),1.71504,P ugm-3,15.01313,P ugm-3,17.64281,P ugm-3,15.6,P ugm-3 (TEOM FDMS),6.9,P ugm-3 (TEOM FDMS),7.3,P ugm-3 (TEOM FDMS),3.1,P ugm-3 (TEOM FDMS),0.4,P ugm-3 (TEOM FDMS)
14-08-2024,21:00:00,14.1,P ugm-3 (TEOM FDMS),6.03693,P ugm-3,15.74944,P ugm-3,25.00594,P ugm-3,12.4,P ugm-3 (TEOM FDMS),4.3,P ugm-3 (TEOM FDMS),3.5,P ugm-3 (TEOM FDMS),1.7,P ugm-3 (TEOM FDMS),-0.8,P ugm-3 (TEOM FDMS)
14-08-2024,22:00:00,17.8,P ugm-3 (TEOM FDMS),8.89949,P ugm-3,18.29306,P ugm-3,31.93875,P ugm-3,15.4,P ugm-3 (TEOM FDMS),6.6,P ugm-3 (TEOM FDMS),5.3,P ugm-3 (TEOM FDMS),2.3,P ugm-3 (TEOM FDMS),-1.3,P ugm-3 (TEOM FDMS)
14-08-2024,23:00:00,19.2,P ugm-3 (TEOM FDMS),3.5205,P ugm-3,10.07888,P ugm-3,15.47691,P ugm-3,14.3,P ugm-3 (TEOM FDMS),8.6,P ugm-3 (TEOM FDMS),9.7,P ugm-3 (TEOM FDMS),4.9,P ugm-3 (TEOM FDMS),1.1,P ugm-3 (TEOM FDMS)
14-08-2024,24:00:00,15.8,P ugm-3 (TEOM FDMS),2.01751,P ugm-3,11.08294,P ugm-3,14.17641,P ugm-3,11.7,P ugm-3 (TEOM FDMS),8.5,P ugm-3 (TEOM FDMS),8.7,P ugm-3 (TEOM FDMS),4.1,P ugm-3 (TEOM FDMS),0.3,P ugm-3 (TEOM FDMS)
15-08-2024,01:00:00,14,P ugm-3 (TEOM FDMS),2.97273,P ugm-3,11.22638,P ugm-3,15.7845,P ugm-3,7.5,P ugm-3 (TEOM FDMS),7.9,P ugm-3 (TEOM FDMS),10.7,P ugm-3 (TEOM FDMS),6.5,P ugm-3 (TEOM FDMS),2.8,P ugm-3 (TEOM FDMS)
15-08-2024,02:00:00,13.9,P ugm-3 (TEOM FDMS),1.06852,P ugm-3,9.3585,P ugm-3,10.99688,P ugm-3,7.1,P ugm-3 (TEOM FDMS),6.8,P ugm-3 (TEOM FDMS),9.4,P ugm-3 (TEOM FDMS),6.8,P ugm-3 (TEOM FDMS),2.6,P ugm-3 (TEOM FDMS)
15-08-2024,03:00:00,15.6,P ugm-3 (TEOM FDMS),1.62149,P ugm-3,6.93759,P ugm-3,9.42384,P ugm-3,7.1,P ugm-3 (TEOM FDMS),6.1,P ugm-3 (TEOM FDMS),10.6,P ugm-3 (TEOM FDMS),8.5,P ugm-3 (TEOM FDMS),4.5,P ugm-3 (TEOM FDMS)
15-08-2024,04:00:00,12.3,P ugm-3 (TEOM FDMS),2.12041,P ugm-3,8.415,P ugm-3,11.66625,P ugm-3,6.9,P ugm-3 (TEOM FDMS),3.8,P ugm-3 (TEOM FDMS),5.3,P ugm-3 (TEOM FDMS),5.4,P ugm-3 (TEOM FDMS),1.5,P ugm-3 (TEOM FDMS)
15-08-2024,05:00:00,15.4,P ugm-3 (TEOM FDMS),11.92419,P ugm-3,6.40209,P ugm-3,24.68559,P ugm-3,10.7,P ugm-3 (TEOM FDMS),4.7,P ugm-3 (TEOM FDMS),5.9,P ugm-3 (TEOM FDMS),4.7,P ugm-3 (TEOM FDMS),1.2,P ugm-3 (TEOM FDMS)
15-08-2024,06:00:00,16.6,P ugm-3 (TEOM FDMS),13.88869,P ugm-3,13.34447,P ugm-3,34.64016,P ugm-3,12,P ugm-3 (TEOM FDMS),5.9,P ugm-3 (TEOM FDMS),7.3,P ugm-3 (TEOM FDMS),4.7,P ugm-3 (TEOM FDMS),1.4,P ugm-3 (TEOM FDMS)
15-08-2024,07:00:00,11.8,P ugm-3 (TEOM FDMS),23.23096,P ugm-3,15.84028,P ugm-3,51.46059,P ugm-3,8.5,P ugm-3 (TEOM FDMS),3.8,P ugm-3 (TEOM FDMS),3.8,P ugm-3 (TEOM FDMS),3.3,P ugm-3 (TEOM FDMS),0,P ugm-3 (TEOM FDMS)
15-08-2024,08:00:00,12.2,P ugm-3 (TEOM FDMS),28.95919,P ugm-3,19.17281,P ugm-3,63.57628,P ugm-3,5.7,P ugm-3 (TEOM FDMS),2.1,P ugm-3 (TEOM FDMS),5.5,P ugm-3 (TEOM FDMS),6.5,P ugm-3 (TEOM FDMS),3.4,P ugm-3 (TEOM FDMS)
15-08-2024,09:00:00,15.4,P ugm-3 (TEOM FDMS),13.84503,P ugm-3,9.18,P ugm-3,30.40875,P ugm-3,9.3,P ugm-3 (TEOM FDMS),3,P ugm-3 (TEOM FDMS),5,P ugm-3 (TEOM FDMS),6.1,P ugm-3 (TEOM FDMS),2,P ugm-3 (TEOM FDMS)
15-08-2024,10:00:00,12.9,P ugm-3 (TEOM FDMS),12.56343,P ugm-3,13.04325,P ugm-3,32.30691,P ugm-3,6.4,P ugm-3 (TEOM FDMS),1.7,P ugm-3 (TEOM FDMS),4,P ugm-3 (TEOM FDMS),6.5,P ugm-3 (TEOM FDMS),2.3,P ugm-3 (TEOM FDMS)
15-08-2024,11:00:00,12.4,P ugm-3 (TEOM FDMS),13.35235,P ugm-3,20.03822,P ugm-3,40.51153,P ugm-3,8.2,P ugm-3 (TEOM FDMS),1.4,P ugm-3 (TEOM FDMS),2.8,P ugm-3 (TEOM FDMS),4.2,P ugm-3 (TEOM FDMS),1.4,P ugm-3 (TEOM FDMS)
15-08-2024,12:00:00,14.1,P ugm-3 (TEOM FDMS),12.17677,P ugm-3,13.64569,P ugm-3,32.31647,P ugm-3,10.3,P ugm-3 (TEOM FDMS),3.4,P ugm-3 (TEOM FDMS),3.4,P ugm-3 (TEOM FDMS),3.8,P ugm-3 (TEOM FDMS),0,P ugm-3 (TEOM FDMS)
15-08-2024,13:00:00,14.4,P ugm-3 (TEOM FDMS),8.18541,P ugm-3,8.19028,P ugm-3,20.74106,P ugm-3,8.2,P ugm-3 (TEOM FDMS),0.3,P ugm-3 (TEOM FDMS),2.8,P ugm-3 (TEOM FDMS),6.2,P ugm-3 (TEOM FDMS),2.5,P ugm-3 (TEOM FDMS)
15-08-2024,14:00:00,19,P ugm-3 (TEOM FDMS),10.72054,P ugm-3,7.52091,P ugm-3,23.95884,P ugm-3,11.7,P ugm-3 (TEOM FDMS),3.1,P ugm-3 (TEOM FDMS),6.1,P ugm-3 (TEOM FDMS),7.2,P ugm-3 (TEOM FDMS),3,P ugm-3 (TEOM FDMS)
15-08-2024,15:00:00,17,P ugm-3 (TEOM FDMS),11.95849,P ugm-3,10.53788,P ugm-3,28.87397,P ugm-3,14,P ugm-3 (TEOM FDMS),4.6,P ugm-3 (TEOM FDMS),4.8,P ugm-3 (TEOM FDMS),3,P ugm-3 (TEOM FDMS),0.2,P ugm-3 (TEOM FDMS)
15-08-2024,16:00:00,14.8,P ugm-3 (TEOM FDMS),14.86782,P ugm-3,14.91272,P ugm-3,37.70972,P ugm-3,14.1,P ugm-3 (TEOM FDMS),5.7,P ugm-3 (TEOM FDMS),3.8,P ugm-3 (TEOM FDMS),0.7,P ugm-3 (TEOM FDMS),-1.9,P ugm-3 (TEOM FDMS)
15-08-2024,17:00:00,18.1,P ugm-3 (TEOM FDMS),15.37609,P ugm-3,15.33347,P ugm-3,38.90981,P ugm-3,14,P ugm-3 (TEOM FDMS),8,P ugm-3 (TEOM FDMS),7.1,P ugm-3 (TEOM FDMS),4.1,P ugm-3 (TEOM FDMS),-0.9,P ugm-3 (TEOM FDMS)
15-08-2024,18:00:00,14.4,P ugm-3 (TEOM FDMS),13.37417,P ugm-3,10.6335,P ugm-3,31.14028,P ugm-3,7.4,P ugm-3 (TEOM FDMS),3.9,P ugm-3 (TEOM FDMS),6.4,P ugm-3 (TEOM FDMS),7,P ugm-3 (TEOM FDMS),2.4,P ugm-3 (TEOM FDMS)
15-08-2024,19:00:00,0.3,P ugm-3 (TEOM FDMS),10.18732,P ugm-3,11.322,P ugm-3,26.94234,P ugm-3,2.8,P ugm-3 (TEOM FDMS),1.2,P ugm-3 (TEOM FDMS),-1,P ugm-3 (TEOM FDMS),-2.5,P ugm-3 (TEOM FDMS),-2.2,P ugm-3 (TEOM FDMS)
15-08-2024,20:00:00,7.4,P ugm-3 (TEOM FDMS),12.65074,P ugm-3,8.39588,P ugm-3,27.79341,P ugm-3,5.1,P ugm-3 (TEOM FDMS),4.8,P ugm-3 (TEOM FDMS),3,P ugm-3 (TEOM FDMS),2.3,P ugm-3 (TEOM FDMS),-1.8,P ugm-3 (TEOM FDMS)
15-08-2024,21:00:00,10.6,P ugm-3 (TEOM FDMS),7.83304,P ugm-3,9.77288,P ugm-3,21.78338,P ugm-3,6.4,P ugm-3 (TEOM FDMS),6.3,P ugm-3 (TEOM FDMS),6.4,P ugm-3 (TEOM FDMS),4.2,P ugm-3 (TEOM FDMS),0.1,P ugm-3 (TEOM FDMS)
15-08-2024,22:00:00,10.4,P ugm-3 (TEOM FDMS),6.44231,P ugm-3,11.23116,P ugm-3,21.10922,P ugm-3,6,P ugm-3 (TEOM FDMS),6.4,P ugm-3 (TEOM FDMS),7,P ugm-3 (TEOM FDMS),4.4,P ugm-3 (TEOM FDMS),0.6,P ugm-3 (TEOM FDMS)
15-08-2024,23:00:00,1.1,P ugm-3 (TEOM FDMS),3.33341,P ugm-3,6.01959,P ugm-3,11.13075,P ugm-3,-1.8,P ugm-3 (TEOM FDMS),0.7,P ugm-3 (TEOM FDMS),-0.5,P ugm-3 (TEOM FDMS),2.9,P ugm-3 (TEOM FDMS),-1.2,P ugm-3 (TEOM FDMS)
15-08-2024,24:00:00,5.7,P ugm-3 (TEOM FDMS),2.82202,P ugm-3,5.57494,P ugm-3,9.90197,P ugm-3,0.7,P ugm-3 (TEOM FDMS),2.1,P ugm-3 (TEOM FDMS),2.8,P ugm-3 (TEOM FDMS),5,P ugm-3 (TEOM FDMS),0.7,P ugm-3 (TEOM FDMS)
16-08-2024,01:00:00,6.7,P ugm-3 (TEOM FDMS),2.85216,P ugm-3,5.14463,P ugm-3,9.51788,P ugm-3,2.4,P ugm-3 (TEOM FDMS),2.6,P ugm-3 (TEOM FDMS),3,P ugm-3 (TEOM FDMS),4.3,P ugm-3 (TEOM FDMS),0.4,P ugm-3 (TEOM FDMS)
16-08-2024,02:00:00,6.5,P ugm-3 (TEOM FDMS),4.53186,P ugm-3,6.36863,P ugm-3,13.31737,P ugm-3,0.8,P ugm-3 (TEOM FDMS),1.2,P ugm-3 (TEOM FDMS),2.6,P ugm-3 (TEOM FDMS),5.7,P ugm-3 (TEOM FDMS),1.4,P ugm-3 (TEOM FDMS)
16-08-2024,03:00:00,7.2,P ugm-3 (TEOM FDMS),3.79803,P ugm-3,6.11044,P ugm-3,11.934,P ugm-3,4.4,P ugm-3 (TEOM FDMS),4.1,P ugm-3 (TEOM FDMS),3.5,P ugm-3 (TEOM FDMS),2.8,P ugm-3 (TEOM FDMS),-0.5,P ugm-3 (TEOM FDMS)
16-08-2024,04:00:00,10.6,P ugm-3 (TEOM FDMS),2.76589,P ugm-3,9.07959,P ugm-3,13.32056,P ugm-3,5.9,P ugm-3 (TEOM FDMS),4.4,P ugm-3 (TEOM FDMS),5.4,P ugm-3 (TEOM FDMS),4.7,P ugm-3 (TEOM FDMS),1,P ugm-3 (TEOM FDMS)
16-08-2024,05:00:00,8.6,P ugm-3 (TEOM FDMS),8.34444,P ugm-3,9.84938,P ugm-3,22.644,P ugm-3,5.3,P ugm-3 (TEOM FDMS),3.2,P ugm-3 (TEOM FDMS),3.5,P ugm-3 (TEOM FDMS),3.2,P ugm-3 (TEOM FDMS),0.3,P ugm-3 (TEOM FDMS)
16-08-2024,06:00:00,11.1,P ugm-3 (TEOM FDMS),19.02133,P ugm-3,17.38463,P ugm-3,46.55025,P ugm-3,8.3,P ugm-3 (TEOM FDMS),2.7,P ugm-3 (TEOM FDMS),2.4,P ugm-3 (TEOM FDMS),2.8,P ugm-3 (TEOM FDMS),-0.3,P ugm-3 (TEOM FDMS)
16-08-2024,07:00:00,8.6,P ugm-3 (TEOM FDMS),33.29979,P ugm-3,30.30834,P ugm-3,81.36731,P ugm-3,6.7,P ugm-3 (TEOM FDMS),1.9,P ugm-3 (TEOM FDMS),1.9,P ugm-3 (TEOM FDMS),1.9,P ugm-3 (TEOM FDMS),-0.1,P ugm-3 (TEOM FDMS)
16-08-2024,08:00:00,13.2,P ugm-3 (TEOM FDMS),31.7469,P ugm-3,27.0045,P ugm-3,75.68241,P ugm-3,12.1,P ugm-3 (TEOM FDMS),6,P ugm-3 (TEOM FDMS),4.6,P ugm-3 (TEOM FDMS),1,P ugm-3 (TEOM FDMS),-1.4,P ugm-3 (TEOM FDMS)
16-08-2024,09:00:00,12.9,P ugm-3 (TEOM FDMS),17.20962,P ugm-3,16.93997,P ugm-3,43.32769,P ugm-3,8.6,P ugm-3 (TEOM FDMS),4.2,P ugm-3 (TEOM FDMS),5,P ugm-3 (TEOM FDMS),4.3,P ugm-3 (TEOM FDMS),0.8,P ugm-3 (TEOM FDMS)
16-08-2024,10:00:00,9.3,P ugm-3 (TEOM FDMS),13.73901,P ugm-3,12.7755,P ugm-3,33.84169,P ugm-3,4.7,P ugm-3 (TEOM FDMS),1.6,P ugm-3 (TEOM FDMS),2.3,P ugm-3 (TEOM FDMS),4.6,P ugm-3 (TEOM FDMS),0.7,P ugm-3 (TEOM FDMS)
16-08-2024,11:00:00,8.3,P ugm-3 (TEOM FDMS),11.88365,P ugm-3,10.11713,P ugm-3,28.33847,P ugm-3,4.7,P ugm-3 (TEOM FDMS),2.8,P ugm-3 (TEOM FDMS),3.8,P ugm-3 (TEOM FDMS),3.6,P ugm-3 (TEOM FDMS),1,P ugm-3 (TEOM FDMS)
16-08-2024,12:00:00,12.5,P ugm-3 (TEOM FDMS),13.63299,P ugm-3,16.30884,P ugm-3,37.21247,P ugm-3,9.7,P ugm-3 (TEOM FDMS),7,P ugm-3 (TEOM FDMS),7.3,P ugm-3 (TEOM FDMS),2.8,P ugm-3 (TEOM FDMS),0.3,P ugm-3 (TEOM FDMS)
16-08-2024,13:00:00,7.6,P ugm-3 (TEOM FDMS),16.51737,P ugm-3,22.52925,P ugm-3,47.85553,P ugm-3,4.6,P ugm-3 (TEOM FDMS),2.4,P ugm-3 (TEOM FDMS),2.6,P ugm-3 (TEOM FDMS),3,P ugm-3 (TEOM FDMS),0.2,P ugm-3 (TEOM FDMS)
16-08-2024,14:00:00,11.7,P ugm-3 (TEOM FDMS),18.47251,P ugm-3,16.95909,P ugm-3,45.28322,P ugm-3,6.7,P ugm-3 (TEOM FDMS),2.7,P ugm-3 (TEOM FDMS),5.8,P ugm-3 (TEOM FDMS),5,P ugm-3 (TEOM FDMS),3.2,P ugm-3 (TEOM FDMS)
16-08-2024,15:00:00,11.5,P ugm-3 (TEOM FDMS),15.86566,P ugm-3,21.98897,P ugm-3,46.31597,P ugm-3,8.3,P ugm-3 (TEOM FDMS),3.5,P ugm-3 (TEOM FDMS),5.6,P ugm-3 (TEOM FDMS),3.2,P ugm-3 (TEOM FDMS),2.1,P ugm-3 (TEOM FDMS)
16-08-2024,16:00:00,13.2,P ugm-3 (TEOM FDMS),14.41255,P ugm-3,18.59428,P ugm-3,40.69322,P ugm-3,12.6,P ugm-3 (TEOM FDMS),7.2,P ugm-3 (TEOM FDMS),7.4,P ugm-3 (TEOM FDMS),0.6,P ugm-3 (TEOM FDMS),0.2,P ugm-3 (TEOM FDMS)
16-08-2024,17:00:00,11.5,P ugm-3 (TEOM FDMS),16.05275,P ugm-3,22.33322,P ugm-3,46.94709,P ugm-3,13.7,P ugm-3 (TEOM FDMS),7.8,P ugm-3 (TEOM FDMS),5,P ugm-3 (TEOM FDMS),-2.3,P ugm-3 (TEOM FDMS),-2.8,P ugm-3 (TEOM FDMS)
16-08-2024,18:00:00,10.4,P ugm-3 (TEOM FDMS),17.78338,P ugm-3,28.12809,P ugm-3,55.39556,P ugm-3,9.9,P ugm-3 (TEOM FDMS),5.4,P ugm-3 (TEOM FDMS),4.3,P ugm-3 (TEOM FDMS),0.5,P ugm-3 (TEOM FDMS),-1.1,P ugm-3 (TEOM FDMS)
16-08-2024,19:00:00,14.2,P ugm-3 (TEOM FDMS),13.43342,P ugm-3,33.27272,P ugm-3,53.87034,P ugm-3,8.2,P ugm-3 (TEOM FDMS),6.3,P ugm-3 (TEOM FDMS),7.7,P ugm-3 (TEOM FDMS),6,P ugm-3 (TEOM FDMS),1.4,P ugm-3 (TEOM FDMS)
16-08-2024,20:00:00,20.3,P ugm-3 (TEOM FDMS),3.78244,P ugm-3,37.58063,P ugm-3,43.38028,P ugm-3,13.3,P ugm-3 (TEOM FDMS),9.3,P ugm-3 (TEOM FDMS),12.5,P ugm-3 (TEOM FDMS),7,P ugm-3 (TEOM FDMS),3.2,P ugm-3 (TEOM FDMS)
16-08-2024,21:00:00,13.2,P ugm-3 (TEOM FDMS),17.84263,P ugm-3,42.77306,P ugm-3,70.13138,P ugm-3,12.5,P ugm-3 (TEOM FDMS),5.8,P ugm-3 (TEOM FDMS),5.3,P ugm-3 (TEOM FDMS),0.8,P ugm-3 (TEOM FDMS),-0.5,P ugm-3 (TEOM FDMS)
16-08-2024,22:00:00,19.8,P ugm-3 (TEOM FDMS),19.41423,P ugm-3,39.27797,P ugm-3,69.04603,P ugm-3,16.9,P ugm-3 (TEOM FDMS),7.9,P ugm-3 (TEOM FDMS),8.2,P ugm-3 (TEOM FDMS),3,P ugm-3 (TEOM FDMS),0.3,P ugm-3 (TEOM FDMS)
16-08-2024,23:00:00,20.4,P ugm-3 (TEOM FDMS),18.10144,P ugm-3,38.10178,P ugm-3,65.85694,P ugm-3,18.1,P ugm-3 (TEOM FDMS),7.6,P ugm-3 (TEOM FDMS),7.3,P ugm-3 (TEOM FDMS),2.2,P ugm-3 (TEOM FDMS),-0.3,P ugm-3 (TEOM FDMS)
16-08-2024,24:00:00,20.6,P ugm-3 (TEOM FDMS),14.77427,P ugm-3,25.71356,P ugm-3,48.36713,P ugm-3,17.8,P ugm-3 (TEOM FDMS),7.6,P ugm-3 (TEOM FDMS),7.7,P ugm-3 (TEOM FDMS),2.8,P ugm-3 (TEOM FDMS),0.1,P ugm-3 (TEOM FDMS)
17-08-2024,01:00:00,19.4,P ugm-3 (TEOM FDMS),3.58391,P ugm-3,15.3255,P ugm-3,20.82075,P ugm-3,16,P ugm-3 (TEOM FDMS),7.3,P ugm-3 (TEOM FDMS),8,P ugm-3 (TEOM FDMS),3.4,P ugm-3 (TEOM FDMS),0.7,P ugm-3 (TEOM FDMS)
17-08-2024,02:00:00,16.6,P ugm-3 (TEOM FDMS),2.34908,P ugm-3,13.11975,P ugm-3,16.72162,P ugm-3,13,P ugm-3 (TEOM FDMS),6.9,P ugm-3 (TEOM FDMS),8.1,P ugm-3 (TEOM FDMS),3.6,P ugm-3 (TEOM FDMS),1.2,P ugm-3 (TEOM FDMS)
17-08-2024,03:00:00,14.3,P ugm-3 (TEOM FDMS),2.38234,P ugm-3,11.78578,P ugm-3,15.43866,P ugm-3,11.1,P ugm-3 (TEOM FDMS),7,P ugm-3 (TEOM FDMS),7.7,P ugm-3 (TEOM FDMS),3.2,P ugm-3 (TEOM FDMS),0.7,P ugm-3 (TEOM FDMS)
17-08-2024,04:00:00,9.8,P ugm-3 (TEOM FDMS),1.01655,P ugm-3,8.16159,P ugm-3,9.72028,P ugm-3,8.1,P ugm-3 (TEOM FDMS),5.2,P ugm-3 (TEOM FDMS),4.3,P ugm-3 (TEOM FDMS),1.8,P ugm-3 (TEOM FDMS),-0.9,P ugm-3 (TEOM FDMS)
17-08-2024,05:00:00,16.2,P ugm-3 (TEOM FDMS),3.54857,P ugm-3,11.45109,P ugm-3,16.89216,P ugm-3,12.1,P ugm-3 (TEOM FDMS),6,P ugm-3 (TEOM FDMS),7.3,P ugm-3 (TEOM FDMS),4.1,P ugm-3 (TEOM FDMS),1.3,P ugm-3 (TEOM FDMS)
17-08-2024,06:00:00,13.8,P ugm-3 (TEOM FDMS),9.34228,P ugm-3,14.7645,P ugm-3,29.08913,P ugm-3,9.8,P ugm-3 (TEOM FDMS),5.7,P ugm-3 (TEOM FDMS),6.3,P ugm-3 (TEOM FDMS),4,P ugm-3 (TEOM FDMS),0.6,P ugm-3 (TEOM FDMS)
17-08-2024,07:00:00,13.3,P ugm-3 (TEOM FDMS),17.02565,P ugm-3,15.35738,P ugm-3,41.463,P ugm-3,13.1,P ugm-3 (TEOM FDMS),8.5,P ugm-3 (TEOM FDMS),6.5,P ugm-3 (TEOM FDMS),0.2,P ugm-3 (TEOM FDMS),-2,P ugm-3 (TEOM FDMS)
17-08-2024,08:00:00,13.8,P ugm-3 (TEOM FDMS),17.5308,P ugm-3,17.66194,P ugm-3,44.54213,P ugm-3,12.2,P ugm-3 (TEOM FDMS),7,P ugm-3 (TEOM FDMS),6.3,P ugm-3 (TEOM FDMS),1.6,P ugm-3 (TEOM FDMS),-0.8,P ugm-3 (TEOM FDMS)
17-08-2024,09:00:00,14.8,P ugm-3 (TEOM FDMS),13.86374,P ugm-3,15.80681,P ugm-3,37.06425,P ugm-3,10.3,P ugm-3 (TEOM FDMS),6.5,P ugm-3 (TEOM FDMS),7.6,P ugm-3 (TEOM FDMS),4.5,P ugm-3 (TEOM FDMS),1.1,P ugm-3 (TEOM FDMS)
17-08-2024,10:00:00,12.1,P ugm-3 (TEOM FDMS),10.45237,P ugm-3,14.50153,P ugm-3,30.52828,P ugm-3,7.7,P ugm-3 (TEOM FDMS),4.1,P ugm-3 (TEOM FDMS),5.8,P ugm-3 (TEOM FDMS),4.4,P ugm-3 (TEOM FDMS),1.7,P ugm-3 (TEOM FDMS)
17-08-2024,11:00:00,14.9,P ugm-3 (TEOM FDMS),14.23793,P ugm-3,16.54791,P ugm-3,38.37909,P ugm-3,7.6,P ugm-3 (TEOM FDMS),4.1,P ugm-3 (TEOM FDMS),8,P ugm-3 (TEOM FDMS),7.4,P ugm-3 (TEOM FDMS),3.8,P ugm-3 (TEOM FDMS)
17-08-2024,12:00:00,14.2,P ugm-3 (TEOM FDMS),10.51786,P ugm-3,18.00619,P ugm-3,34.13334,P ugm-3,6.6,P ugm-3 (TEOM FDMS),3.2,P ugm-3 (TEOM FDMS),7.9,P ugm-3 (TEOM FDMS),7.6,P ugm-3 (TEOM FDMS),4.7,P ugm-3 (TEOM FDMS)
17-08-2024,13:00:00,13.6,P ugm-3 (TEOM FDMS),18.2823,P ugm-3,20.38247,P ugm-3,48.41494,P ugm-3,8.4,P ugm-3 (TEOM FDMS),4.9,P ugm-3 (TEOM FDMS),6.9,P ugm-3 (TEOM FDMS),5.1,P ugm-3 (TEOM FDMS),1.9,P ugm-3 (TEOM FDMS)
17-08-2024,14:00:00,11.9,P ugm-3 (TEOM FDMS),14.16309,P ugm-3,17.71453,P ugm-3,39.43097,P ugm-3,6.1,P ugm-3 (TEOM FDMS),1.9,P ugm-3 (TEOM FDMS),5,P ugm-3 (TEOM FDMS),5.8,P ugm-3 (TEOM FDMS),3.1,P ugm-3 (TEOM FDMS)
17-08-2024,15:00:00,15.3,P ugm-3 (TEOM FDMS),17.05995,P ugm-3,17.10731,P ugm-3,43.26553,P ugm-3,9.6,P ugm-3 (TEOM FDMS),4.2,P ugm-3 (TEOM FDMS),6.2,P ugm-3 (TEOM FDMS),5.7,P ugm-3 (TEOM FDMS),2,P ugm-3 (TEOM FDMS)
17-08-2024,16:00:00,11.6,P ugm-3 (TEOM FDMS),17.17532,P ugm-3,22.14675,P ugm-3,48.48188,P ugm-3,9.2,P ugm-3 (TEOM FDMS),2.8,P ugm-3 (TEOM FDMS),3.8,P ugm-3 (TEOM FDMS),2.3,P ugm-3 (TEOM FDMS),1,P ugm-3 (TEOM FDMS)
17-08-2024,17:00:00,14.6,P ugm-3 (TEOM FDMS),25.56653,P ugm-3,27.21488,P ugm-3,66.41634,P ugm-3,14.1,P ugm-3 (TEOM FDMS),5.6,P ugm-3 (TEOM FDMS),5.1,P ugm-3 (TEOM FDMS),0.5,P ugm-3 (TEOM FDMS),-0.6,P ugm-3 (TEOM FDMS)
17-08-2024,18:00:00,16.4,P ugm-3 (TEOM FDMS),15.80017,P ugm-3,26.26819,P ugm-3,50.49478,P ugm-3,11.6,P ugm-3 (TEOM FDMS),6.3,P ugm-3 (TEOM FDMS),8.3,P ugm-3 (TEOM FDMS),4.8,P ugm-3 (TEOM FDMS),2,P ugm-3 (TEOM FDMS)
17-08-2024,19:00:00,25.2,P ugm-3 (TEOM FDMS),30.85508,P ugm-3,43.58588,P ugm-3,90.89634,P ugm-3,18.9,P ugm-3 (TEOM FDMS),12.8,P ugm-3 (TEOM FDMS),15.1,P ugm-3 (TEOM FDMS),6.3,P ugm-3 (TEOM FDMS),2.3,P ugm-3 (TEOM FDMS)
17-08-2024,20:00:00,24,P ugm-3 (TEOM FDMS),12.51042,P ugm-3,27.80775,P ugm-3,46.99013,P ugm-3,18.6,P ugm-3 (TEOM FDMS),7.2,P ugm-3 (TEOM FDMS),9.7,P ugm-3 (TEOM FDMS),5.4,P ugm-3 (TEOM FDMS),2.5,P ugm-3 (TEOM FDMS)
17-08-2024,21:00:00,14.8,P ugm-3 (TEOM FDMS),1.19429,P ugm-3,12.34041,P ugm-3,14.17163,P ugm-3,11.2,P ugm-3 (TEOM FDMS),5.8,P ugm-3 (TEOM FDMS),6.8,P ugm-3 (TEOM FDMS),3.5,P ugm-3 (TEOM FDMS),1,P ugm-3 (TEOM FDMS)
17-08-2024,22:00:00,13.8,P ugm-3 (TEOM FDMS),8.41304,P ugm-3,20.20556,P ugm-3,33.10538,P ugm-3,10,P ugm-3 (TEOM FDMS),6,P ugm-3 (TEOM FDMS),7.1,P ugm-3 (TEOM FDMS),3.8,P ugm-3 (TEOM FDMS),1,P ugm-3 (TEOM FDMS)
17-08-2024,23:00:00,17.2,P ugm-3 (TEOM FDMS),17.48403,P ugm-3,28.94091,P ugm-3,55.74938,P ugm-3,15.1,P ugm-3 (TEOM FDMS),7.7,P ugm-3 (TEOM FDMS),7.4,P ugm-3 (TEOM FDMS),2,P ugm-3 (TEOM FDMS),-0.3,P ugm-3 (TEOM FDMS)
17-08-2024,24:00:00,17.9,P ugm-3 (TEOM FDMS),16.67017,P ugm-3,16.83478,P ugm-3,42.39534,P ugm-3,16.7,P ugm-3 (TEOM FDMS),7.5,P ugm-3 (TEOM FDMS),5.9,P ugm-3 (TEOM FDMS),1.2,P ugm-3 (TEOM FDMS),-1.6,P ugm-3 (TEOM FDMS)
18-08-2024,01:00:00,20,P ugm-3 (TEOM FDMS),13.44174,P ugm-3,20.82713,P ugm-3,41.4375,P ugm-3,16.8,P ugm-3 (TEOM FDMS),8.9,P ugm-3 (TEOM FDMS),9.1,P ugm-3 (TEOM FDMS),3.1,P ugm-3 (TEOM FDMS),0.2,P ugm-3 (TEOM FDMS)
18-08-2024,02:00:00,17.6,P ugm-3 (TEOM FDMS),4.90189,P ugm-3,13.36838,P ugm-3,20.8845,P ugm-3,14,P ugm-3 (TEOM FDMS),7,P ugm-3 (TEOM FDMS),7.4,P ugm-3 (TEOM FDMS),3.6,P ugm-3 (TEOM FDMS),0.4,P ugm-3 (TEOM FDMS)
18-08-2024,03:00:00,14.2,P ugm-3 (TEOM FDMS),5.68145,P ugm-3,11.57063,P ugm-3,20.28206,P ugm-3,11.9,P ugm-3 (TEOM FDMS),6.6,P ugm-3 (TEOM FDMS),6.3,P ugm-3 (TEOM FDMS),2.4,P ugm-3 (TEOM FDMS),-0.3,P ugm-3 (TEOM FDMS)
18-08-2024,04:00:00,12.2,P ugm-3 (TEOM FDMS),2.43535,P ugm-3,8.09466,P ugm-3,11.82881,P ugm-3,9.2,P ugm-3 (TEOM FDMS),5.8,P ugm-3 (TEOM FDMS),5.9,P ugm-3 (TEOM FDMS),3,P ugm-3 (TEOM FDMS),0.2,P ugm-3 (TEOM FDMS)
18-08-2024,05:00:00,12.4,P ugm-3 (TEOM FDMS),3.38642,P ugm-3,6.51684,P ugm-3,11.70928,P ugm-3,10.3,P ugm-3 (TEOM FDMS),7.3,P ugm-3 (TEOM FDMS),6.8,P ugm-3 (TEOM FDMS),2.1,P ugm-3 (TEOM FDMS),-0.5,P ugm-3 (TEOM FDMS)
18-08-2024,06:00:00,10.2,P ugm-3 (TEOM FDMS),6.81338,P ugm-3,10.05975,P ugm-3,20.50678,P ugm-3,8.2,P ugm-3 (TEOM FDMS),6.5,P ugm-3 (TEOM FDMS),5.6,P ugm-3 (TEOM FDMS),2,P ugm-3 (TEOM FDMS),-0.9,P ugm-3 (TEOM FDMS)
18-08-2024,07:00:00,8.3,P ugm-3 (TEOM FDMS),9.67281,P ugm-3,8.37675,P ugm-3,23.20819,P ugm-3,6.2,P ugm-3 (TEOM FDMS),5,P ugm-3 (TEOM FDMS),3.6,P ugm-3 (TEOM FDMS),2.1,P ugm-3 (TEOM FDMS),-1.4,P ugm-3 (TEOM FDMS)
18-08-2024,08:00:00,10.2,P ugm-3 (TEOM FDMS),5.17006,P ugm-3,6.95194,P ugm-3,14.87925,P ugm-3,7.5,P ugm-3 (TEOM FDMS),5.8,P ugm-3 (TEOM FDMS),5,P ugm-3 (TEOM FDMS),2.7,P ugm-3 (TEOM FDMS),-0.8,P ugm-3 (TEOM FDMS)
18-08-2024,09:00:00,11.4,P ugm-3 (TEOM FDMS),6.52026,P ugm-3,8.415,P ugm-3,18.41259,P ugm-3,9.4,P ugm-3 (TEOM FDMS),6.3,P ugm-3 (TEOM FDMS),5.2,P ugm-3 (TEOM FDMS),2,P ugm-3 (TEOM FDMS),-1.2,P ugm-3 (TEOM FDMS)
18-08-2024,10:00:00,17.6,P ugm-3 (TEOM FDMS),9.76948,P ugm-3,11.71884,P ugm-3,26.6985,P ugm-3,11.9,P ugm-3 (TEOM FDMS),5.2,P ugm-3 (TEOM FDMS),3.7,P ugm-3 (TEOM FDMS),5.8,P ugm-3 (TEOM FDMS),-1.6,P ugm-3 (TEOM FDMS)
18-08-2024,11:00:00,7.3,P ugm-3 (TEOM FDMS),7.87046,P ugm-3,10.39922,P ugm-3,22.46709,P ugm-3,5.8,P ugm-3 (TEOM FDMS),5.5,P ugm-3 (TEOM FDMS),4.6,P ugm-3 (TEOM FDMS),1.4,P ugm-3 (TEOM FDMS),-0.9,P ugm-3 (TEOM FDMS)
18-08-2024,12:00:00,18.9,P ugm-3 (TEOM FDMS),11.28183,P ugm-3,14.60672,P ugm-3,31.90528,P ugm-3,12.8,P ugm-3 (TEOM FDMS),7.4,P ugm-3 (TEOM FDMS),5.8,P ugm-3 (TEOM FDMS),6.1,P ugm-3 (TEOM FDMS),-1.6,P ugm-3 (TEOM FDMS)
18-08-2024,13:00:00,23.1,P ugm-3 (TEOM FDMS),11.76828,P ugm-3,11.934,P ugm-3,29.97844,P ugm-3,16.5,P ugm-3 (TEOM FDMS),8,P ugm-3 (TEOM FDMS),11,P ugm-3 (TEOM FDMS),6.6,P ugm-3 (TEOM FDMS),2.9,P ugm-3 (TEOM FDMS)
18-08-2024,14:00:00,12.5,P ugm-3 (TEOM FDMS),9.62604,P ugm-3,11.00644,P ugm-3,25.76616,P ugm-3,10,P ugm-3 (TEOM FDMS),4.2,P ugm-3 (TEOM FDMS),3.9,P ugm-3 (TEOM FDMS),2.5,P ugm-3 (TEOM FDMS),-0.3,P ugm-3 (TEOM FDMS)
18-08-2024,15:00:00,9.6,P ugm-3 (TEOM FDMS),10.62388,P ugm-3,14.57803,P ugm-3,30.86775,P ugm-3,11.1,P ugm-3 (TEOM FDMS),5.4,P ugm-3 (TEOM FDMS),3.4,P ugm-3 (TEOM FDMS),-1.5,P ugm-3 (TEOM FDMS),-1.9,P ugm-3 (TEOM FDMS)
18-08-2024,16:00:00,14.1,P ugm-3 (TEOM FDMS),15.65362,P ugm-3,12.76116,P ugm-3,36.76303,P ugm-3,15.7,P ugm-3 (TEOM FDMS),7.9,P ugm-3 (TEOM FDMS),5,P ugm-3 (TEOM FDMS),-1.6,P ugm-3 (TEOM FDMS),-2.9,P ugm-3 (TEOM FDMS)
18-08-2024,17:00:00,20.6,P ugm-3 (TEOM FDMS),9.08034,P ugm-3,15.01313,P ugm-3,28.93613,P ugm-3,18.1,P ugm-3 (TEOM FDMS),10.7,P ugm-3 (TEOM FDMS),11.2,P ugm-3 (TEOM FDMS),2.5,P ugm-3 (TEOM FDMS),0.5,P ugm-3 (TEOM FDMS)
18-08-2024,18:00:00,25.3,P ugm-3 (TEOM FDMS),16.32092,P ugm-3,18.04922,P ugm-3,43.07428,P ugm-3,22,P ugm-3 (TEOM FDMS),15.5,P ugm-3 (TEOM FDMS),15,P ugm-3 (TEOM FDMS),3.3,P ugm-3 (TEOM FDMS),-0.4,P ugm-3 (TEOM FDMS)
18-08-2024,19:00:00,24.7,P ugm-3 (TEOM FDMS),13.61116,P ugm-3,17.63803,P ugm-3,38.50819,P ugm-3,20.8,P ugm-3 (TEOM FDMS),13.6,P ugm-3 (TEOM FDMS),14.3,P ugm-3 (TEOM FDMS),3.9,P ugm-3 (TEOM FDMS),0.7,P ugm-3 (TEOM FDMS)
18-08-2024,20:00:00,32.3,P ugm-3 (TEOM FDMS),8.19788,P ugm-3,19.69397,P ugm-3,32.26388,P ugm-3,25.4,P ugm-3 (TEOM FDMS),16.3,P ugm-3 (TEOM FDMS),15.6,P ugm-3 (TEOM FDMS),7,P ugm-3 (TEOM FDMS),-0.7,P ugm-3 (TEOM FDMS)
18-08-2024,21:00:00,20.5,P ugm-3 (TEOM FDMS),7.61165,P ugm-3,18.09225,P ugm-3,29.76328,P ugm-3,22.9,P ugm-3 (TEOM FDMS),15,P ugm-3 (TEOM FDMS),11.4,P ugm-3 (TEOM FDMS),-2.4,P ugm-3 (TEOM FDMS),-3.7,P ugm-3 (TEOM FDMS)
18-08-2024,22:00:00,25,P ugm-3 (TEOM FDMS),7.38713,P ugm-3,16.38056,P ugm-3,27.70734,P ugm-3,21.2,P ugm-3 (TEOM FDMS),13.8,P ugm-3 (TEOM FDMS),11.7,P ugm-3 (TEOM FDMS),3.8,P ugm-3 (TEOM FDMS),-2.1,P ugm-3 (TEOM FDMS)
18-08-2024,23:00:00,25.2,P ugm-3 (TEOM FDMS),5.25425,P ugm-3,14.02819,P ugm-3,22.08459,P ugm-3,24.8,P ugm-3 (TEOM FDMS),15.9,P ugm-3 (TEOM FDMS),13.7,P ugm-3 (TEOM FDMS),0.4,P ugm-3 (TEOM FDMS),-2.2,P ugm-3 (TEOM FDMS)
18-08-2024,24:00:00,24.6,P ugm-3 (TEOM FDMS),2.04245,P ugm-3,11.81925,P ugm-3,14.95097,P ugm-3,23.4,P ugm-3 (TEOM FDMS),11.7,P ugm-3 (TEOM FDMS),11.2,P ugm-3 (TEOM FDMS),1.2,P ugm-3 (TEOM FDMS),-0.5,P ugm-3 (TEOM FDMS)
19-08-2024,01:00:00,22.7,P ugm-3 (TEOM FDMS),0.34093,P ugm-3,9.00788,P ugm-3,9.53062,P ugm-3,19.1,P ugm-3 (TEOM FDMS),11.9,P ugm-3 (TEOM FDMS),12.7,P ugm-3 (TEOM FDMS),3.6,P ugm-3 (TEOM FDMS),0.8,P ugm-3 (TEOM FDMS)
19-08-2024,02:00:00,21.8,P ugm-3 (TEOM FDMS),2.13704,P ugm-3,12.801,P ugm-3,16.07775,P ugm-3,20.1,P ugm-3 (TEOM FDMS),12.4,P ugm-3 (TEOM FDMS),11.7,P ugm-3 (TEOM FDMS),1.7,P ugm-3 (TEOM FDMS),-0.7,P ugm-3 (TEOM FDMS)
19-08-2024,03:00:00,24.5,P ugm-3 (TEOM FDMS),2.45095,P ugm-3,8.30503,P ugm-3,12.06309,P ugm-3,18.8,P ugm-3 (TEOM FDMS),12.3,P ugm-3 (TEOM FDMS),13.2,P ugm-3 (TEOM FDMS),5.7,P ugm-3 (TEOM FDMS),1,P ugm-3 (TEOM FDMS)
19-08-2024,04:00:00,24.3,P ugm-3 (TEOM FDMS),3.60158,P ugm-3,10.92038,P ugm-3,16.44272,P ugm-3,20,P ugm-3 (TEOM FDMS),12.4,P ugm-3 (TEOM FDMS),13.2,P ugm-3 (TEOM FDMS),4.2,P ugm-3 (TEOM FDMS),0.8,P ugm-3 (TEOM FDMS)
19-08-2024,05:00:00,22.4,P ugm-3 (TEOM FDMS),12.06763,P ugm-3,14.96053,P ugm-3,33.46397,P ugm-3,18.8,P ugm-3 (TEOM FDMS),12.5,P ugm-3 (TEOM FDMS),13.5,P ugm-3 (TEOM FDMS),3.6,P ugm-3 (TEOM FDMS),1,P ugm-3 (TEOM FDMS)
19-08-2024,06:00:00,29,P ugm-3 (TEOM FDMS),23.24032,P ugm-3,20.36334,P ugm-3,55.998,P ugm-3,25.6,P ugm-3 (TEOM FDMS),14.7,P ugm-3 (TEOM FDMS),15.3,P ugm-3 (TEOM FDMS),3.4,P ugm-3 (TEOM FDMS),0.6,P ugm-3 (TEOM FDMS)
19-08-2024,07:00:00,26.9,P ugm-3 (TEOM FDMS),44.14507,P ugm-3,32.283,P ugm-3,99.97116,P ugm-3,23.5,P ugm-3 (TEOM FDMS),14.4,P ugm-3 (TEOM FDMS),15,P ugm-3 (TEOM FDMS),3.4,P ugm-3 (TEOM FDMS),0.6,P ugm-3 (TEOM FDMS)
19-08-2024,08:00:00,12.2,P ugm-3 (TEOM FDMS),31.58787,P ugm-3,32.41209,P ugm-3,80.84616,P ugm-3,9,P ugm-3 (TEOM FDMS),12.8,P ugm-3 (TEOM FDMS),12.8,P ugm-3 (TEOM FDMS),3.2,P ugm-3 (TEOM FDMS),0.1,P ugm-3 (TEOM FDMS)
19-08-2024,09:00:00,25.7,P ugm-3 (TEOM FDMS),26.0904,P ugm-3,29.31863,P ugm-3,69.32334,P ugm-3,20.8,P ugm-3 (TEOM FDMS),11.7,P ugm-3 (TEOM FDMS),13.4,P ugm-3 (TEOM FDMS),4.9,P ugm-3 (TEOM FDMS),1.7,P ugm-3 (TEOM FDMS)
19-08-2024,10:00:00,21.1,P ugm-3 (TEOM FDMS),18.48187,P ugm-3,25.88091,P ugm-3,54.21938,P ugm-3,17.7,P ugm-3 (TEOM FDMS),10.2,P ugm-3 (TEOM FDMS),10.8,P ugm-3 (TEOM FDMS),3.4,P ugm-3 (TEOM FDMS),0.6,P ugm-3 (TEOM FDMS)
19-08-2024,11:00:00,26.1,P ugm-3 (TEOM FDMS),19.79465,P ugm-3,21.97463,P ugm-3,52.326,P ugm-3,21.4,P ugm-3 (TEOM FDMS),13.1,P ugm-3 (TEOM FDMS),14.8,P ugm-3 (TEOM FDMS),4.6,P ugm-3 (TEOM FDMS),1.8,P ugm-3 (TEOM FDMS)
19-08-2024,12:00:00,28,P ugm-3 (TEOM FDMS),16.73565,P ugm-3,19.66528,P ugm-3,45.32625,P ugm-3,24.5,P ugm-3 (TEOM FDMS),15.6,P ugm-3 (TEOM FDMS),15.8,P ugm-3 (TEOM FDMS),3.5,P ugm-3 (TEOM FDMS),0.2,P ugm-3 (TEOM FDMS)
19-08-2024,13:00:00,26.4,P ugm-3 (TEOM FDMS),13.80138,P ugm-3,14.77406,P ugm-3,35.93588,P ugm-3,21.8,P ugm-3 (TEOM FDMS),13,P ugm-3 (TEOM FDMS),14,P ugm-3 (TEOM FDMS),4.6,P ugm-3 (TEOM FDMS),0.9,P ugm-3 (TEOM FDMS)
19-08-2024,14:00:00,32.3,P ugm-3 (TEOM FDMS),12.09569,P ugm-3,15.36216,P ugm-3,33.90863,P ugm-3,24.8,P ugm-3 (TEOM FDMS),18.1,P ugm-3 (TEOM FDMS),21.9,P ugm-3 (TEOM FDMS),7.5,P ugm-3 (TEOM FDMS),3.8,P ugm-3 (TEOM FDMS)
19-08-2024,15:00:00,34.9,P ugm-3 (TEOM FDMS),14.43438,P ugm-3,9.333,P ugm-3,31.46541,P ugm-3,33.5,P ugm-3 (TEOM FDMS),26.7,P ugm-3 (TEOM FDMS),29.5,P ugm-3 (TEOM FDMS),1.5,P ugm-3 (TEOM FDMS),2.8,P ugm-3 (TEOM FDMS)
19-08-2024,16:00:00,27.9,P ugm-3 (TEOM FDMS),15.80953,P ugm-3,19.55053,P ugm-3,43.79147,P ugm-3,35.1,P ugm-3 (TEOM FDMS),28.2,P ugm-3 (TEOM FDMS),30,P ugm-3 (TEOM FDMS),-7.1,P ugm-3 (TEOM FDMS),1.8,P ugm-3 (TEOM FDMS)
19-08-2024,17:00:00,49.7,P ugm-3 (TEOM FDMS),15.44781,P ugm-3,22.59141,P ugm-3,46.27772,P ugm-3,44.4,P ugm-3 (TEOM FDMS),27.3,P ugm-3 (TEOM FDMS),28.4,P ugm-3 (TEOM FDMS),5.3,P ugm-3 (TEOM FDMS),1.2,P ugm-3 (TEOM FDMS)
19-08-2024,18:00:00,41.7,P ugm-3 (TEOM FDMS),16.29286,P ugm-3,21.22397,P ugm-3,46.206,P ugm-3,35.9,P ugm-3 (TEOM FDMS),25.8,P ugm-3 (TEOM FDMS),27.4,P ugm-3 (TEOM FDMS),5.8,P ugm-3 (TEOM FDMS),1.7,P ugm-3 (TEOM FDMS)
19-08-2024,19:00:00,36.3,P ugm-3 (TEOM FDMS),10.9856,P ugm-3,14.87447,P ugm-3,31.71881,P ugm-3,30.4,P ugm-3 (TEOM FDMS),23.1,P ugm-3 (TEOM FDMS),25.3,P ugm-3 (TEOM FDMS),5.8,P ugm-3 (TEOM FDMS),2.2,P ugm-3 (TEOM FDMS)
19-08-2024,20:00:00,23.5,P ugm-3 (TEOM FDMS),8.63755,P ugm-3,13.95169,P ugm-3,27.19575,P ugm-3,19.3,P ugm-3 (TEOM FDMS),13.3,P ugm-3 (TEOM FDMS),14.2,P ugm-3 (TEOM FDMS),4.2,P ugm-3 (TEOM FDMS),0.9,P ugm-3 (TEOM FDMS)
19-08-2024,21:00:00,13.7,P ugm-3 (TEOM FDMS),6.9194,P ugm-3,11.99138,P ugm-3,22.60097,P ugm-3,10,P ugm-3 (TEOM FDMS),11.6,P ugm-3 (TEOM FDMS),12,P ugm-3 (TEOM FDMS),3.7,P ugm-3 (TEOM FDMS),0.3,P ugm-3 (TEOM FDMS)
19-08-2024,22:00:00,18.5,P ugm-3 (TEOM FDMS),10.39625,P ugm-3,6.82284,P ugm-3,22.76353,P ugm-3,12.4,P ugm-3 (TEOM FDMS),9,P ugm-3 (TEOM FDMS),11.7,P ugm-3 (TEOM FDMS),6,P ugm-3 (TEOM FDMS),2.7,P ugm-3 (TEOM FDMS)
19-08-2024,23:00:00,15,P ugm-3 (TEOM FDMS),5.92468,P ugm-3,9.84938,P ugm-3,18.93375,P ugm-3,12,P ugm-3 (TEOM FDMS),8.3,P ugm-3 (TEOM FDMS),8.3,P ugm-3 (TEOM FDMS),2.9,P ugm-3 (TEOM FDMS),0,P ugm-3 (TEOM FDMS)
19-08-2024,24:00:00,12.6,P ugm-3 (TEOM FDMS),3.37395,P ugm-3,4.87209,P ugm-3,10.04541,P ugm-3,8.9,P ugm-3 (TEOM FDMS),6.2,P ugm-3 (TEOM FDMS),7.7,P ugm-3 (TEOM FDMS),3.8,P ugm-3 (TEOM FDMS),1.5,P ugm-3 (TEOM FDMS)
20-08-2024,01:00:00,12,P ugm-3 (TEOM FDMS),3.72527,P ugm-3,6.82125,P ugm-3,12.53325,P ugm-3,9.3,P ugm-3 (TEOM FDMS),9,P ugm-3 (TEOM FDMS),9.9,P ugm-3 (TEOM FDMS),2.7,P ugm-3 (TEOM FDMS),0.9,P ugm-3 (TEOM FDMS)
20-08-2024,02:00:00,15,P ugm-3 (TEOM FDMS),0.47813,P ugm-3,4.233,P ugm-3,4.96613,P ugm-3,9.7,P ugm-3 (TEOM FDMS),7.5,P ugm-3 (TEOM FDMS),8.8,P ugm-3 (TEOM FDMS),5.3,P ugm-3 (TEOM FDMS),1.3,P ugm-3 (TEOM FDMS)
20-08-2024,03:00:00,6.1,P ugm-3 (TEOM FDMS),0.86064,P ugm-3,5.09681,P ugm-3,6.41644,P ugm-3,3.1,P ugm-3 (TEOM FDMS),6.7,P ugm-3 (TEOM FDMS),8.4,P ugm-3 (TEOM FDMS),3,P ugm-3 (TEOM FDMS),1.7,P ugm-3 (TEOM FDMS)
20-08-2024,04:00:00,13,P ugm-3 (TEOM FDMS),0.66419,P ugm-3,4.34138,P ugm-3,5.35978,P ugm-3,8.3,P ugm-3 (TEOM FDMS),7.7,P ugm-3 (TEOM FDMS),8.9,P ugm-3 (TEOM FDMS),4.7,P ugm-3 (TEOM FDMS),1.2,P ugm-3 (TEOM FDMS)
20-08-2024,05:00:00,15.4,P ugm-3 (TEOM FDMS),5.75629,P ugm-3,12.07744,P ugm-3,20.90363,P ugm-3,11.1,P ugm-3 (TEOM FDMS),7.6,P ugm-3 (TEOM FDMS),8.9,P ugm-3 (TEOM FDMS),4.3,P ugm-3 (TEOM FDMS),1.3,P ugm-3 (TEOM FDMS)
20-08-2024,06:00:00,7.6,P ugm-3 (TEOM FDMS),14.40943,P ugm-3,13.40184,P ugm-3,35.496,P ugm-3,1.9,P ugm-3 (TEOM FDMS),3.1,P ugm-3 (TEOM FDMS),4.4,P ugm-3 (TEOM FDMS),5.8,P ugm-3 (TEOM FDMS),1.3,P ugm-3 (TEOM FDMS)
20-08-2024,07:00:00,6.6,P ugm-3 (TEOM FDMS),17.59005,P ugm-3,15.21872,P ugm-3,42.18975,P ugm-3,0.3,P ugm-3 (TEOM FDMS),2.7,P ugm-3 (TEOM FDMS),4.6,P ugm-3 (TEOM FDMS),6.4,P ugm-3 (TEOM FDMS),1.9,P ugm-3 (TEOM FDMS)
20-08-2024,08:00:00,4,P ugm-3 (TEOM FDMS),19.64186,P ugm-3,10.75303,P ugm-3,40.87013,P ugm-3,0.5,P ugm-3 (TEOM FDMS),1.4,P ugm-3 (TEOM FDMS),1,P ugm-3 (TEOM FDMS),3.5,P ugm-3 (TEOM FDMS),-0.5,P ugm-3 (TEOM FDMS)
20-08-2024,09:00:00,-0.1,P ugm-3 (TEOM FDMS),8.91196,P ugm-3,9.50034,P ugm-3,23.16516,P ugm-3,-0.2,P ugm-3 (TEOM FDMS),0.5,P ugm-3 (TEOM FDMS),0.3,P ugm-3 (TEOM FDMS),0.2,P ugm-3 (TEOM FDMS),-0.2,P ugm-3 (TEOM FDMS)
20-08-2024,10:00:00,3.6,P ugm-3 (TEOM FDMS),11.26,P ugm-3,11.48456,P ugm-3,28.74966,P ugm-3,0.1,P ugm-3 (TEOM FDMS),1.3,P ugm-3 (TEOM FDMS),1.1,P ugm-3 (TEOM FDMS),3.5,P ugm-3 (TEOM FDMS),-0.2,P ugm-3 (TEOM FDMS)
20-08-2024,11:00:00,5.9,P ugm-3 (TEOM FDMS),8.02949,P ugm-3,9.30909,P ugm-3,21.62081,P ugm-3,2.1,P ugm-3 (TEOM FDMS),3.4,P ugm-3 (TEOM FDMS),4,P ugm-3 (TEOM FDMS),3.8,P ugm-3 (TEOM FDMS),0.6,P ugm-3 (TEOM FDMS)
20-08-2024,12:00:00,12.9,P ugm-3 (TEOM FDMS),8.06068,P ugm-3,10.863,P ugm-3,23.22253,P ugm-3,6.3,P ugm-3 (TEOM FDMS),3.4,P ugm-3 (TEOM FDMS),5.9,P ugm-3 (TEOM FDMS),6.7,P ugm-3 (TEOM FDMS),2.5,P ugm-3 (TEOM FDMS)
20-08-2024,13:00:00,11.2,P ugm-3 (TEOM FDMS),12.85655,P ugm-3,12.96675,P ugm-3,32.67984,P ugm-3,10.9,P ugm-3 (TEOM FDMS),4.3,P ugm-3 (TEOM FDMS),1.2,P ugm-3 (TEOM FDMS),0.4,P ugm-3 (TEOM FDMS),-3.1,P ugm-3 (TEOM FDMS)
20-08-2024,14:00:00,9.1,P ugm-3 (TEOM FDMS),12.12064,P ugm-3,12.34041,P ugm-3,30.92513,P ugm-3,5,P ugm-3 (TEOM FDMS),2.4,P ugm-3 (TEOM FDMS),2.5,P ugm-3 (TEOM FDMS),4,P ugm-3 (TEOM FDMS),0.2,P ugm-3 (TEOM FDMS)
20-08-2024,15:00:00,12.3,P ugm-3 (TEOM FDMS),16.0091,P ugm-3,15.0705,P ugm-3,39.61744,P ugm-3,5.8,P ugm-3 (TEOM FDMS),3.3,P ugm-3 (TEOM FDMS),6.9,P ugm-3 (TEOM FDMS),6.5,P ugm-3 (TEOM FDMS),3.6,P ugm-3 (TEOM FDMS)
20-08-2024,16:00:00,9.2,P ugm-3 (TEOM FDMS),15.64426,P ugm-3,18.37913,P ugm-3,42.36666,P ugm-3,7.3,P ugm-3 (TEOM FDMS),4.1,P ugm-3 (TEOM FDMS),3.8,P ugm-3 (TEOM FDMS),1.9,P ugm-3 (TEOM FDMS),-0.3,P ugm-3 (TEOM FDMS)
20-08-2024,17:00:00,9.7,P ugm-3 (TEOM FDMS),12.02085,P ugm-3,12.86634,P ugm-3,31.29806,P ugm-3,6.5,P ugm-3 (TEOM FDMS),2.7,P ugm-3 (TEOM FDMS),3.7,P ugm-3 (TEOM FDMS),3.2,P ugm-3 (TEOM FDMS),1,P ugm-3 (TEOM FDMS)
20-08-2024,18:00:00,8.3,P ugm-3 (TEOM FDMS),11.40656,P ugm-3,14.3055,P ugm-3,31.79531,P ugm-3,8.7,P ugm-3 (TEOM FDMS),4.7,P ugm-3 (TEOM FDMS),1.7,P ugm-3 (TEOM FDMS),-0.4,P ugm-3 (TEOM FDMS),-2.9,P ugm-3 (TEOM FDMS)
20-08-2024,19:00:00,9.6,P ugm-3 (TEOM FDMS),12.71934,P ugm-3,17.96794,P ugm-3,37.47066,P ugm-3,8.7,P ugm-3 (TEOM FDMS),6.1,P ugm-3 (TEOM FDMS),4.2,P ugm-3 (TEOM FDMS),0.9,P ugm-3 (TEOM FDMS),-1.9,P ugm-3 (TEOM FDMS)
20-08-2024,20:00:00,7.8,P ugm-3 (TEOM FDMS),4.3562,P ugm-3,8.36719,P ugm-3,15.04659,P ugm-3,6.9,P ugm-3 (TEOM FDMS),4.5,P ugm-3 (TEOM FDMS),3.5,P ugm-3 (TEOM FDMS),0.9,P ugm-3 (TEOM FDMS),-1,P ugm-3 (TEOM FDMS)
20-08-2024,21:00:00,11.9,P ugm-3 (TEOM FDMS),4.44351,P ugm-3,7.83647,P ugm-3,14.64975,P ugm-3,14.9,P ugm-3 (TEOM FDMS),6.5,P ugm-3 (TEOM FDMS),2.4,P ugm-3 (TEOM FDMS),-3,P ugm-3 (TEOM FDMS),-4.2,P ugm-3 (TEOM FDMS)
20-08-2024,22:00:00,9.1,P ugm-3 (TEOM FDMS),7.6709,P ugm-3,10.91559,P ugm-3,22.67747,P ugm-3,9.8,P ugm-3 (TEOM FDMS),2.8,P ugm-3 (TEOM FDMS),0.8,P ugm-3 (TEOM FDMS),-0.7,P ugm-3 (TEOM FDMS),-2,P ugm-3 (TEOM FDMS)
20-08-2024,23:00:00,9.7,P ugm-3 (TEOM FDMS),4.7335,P ugm-3,5.91919,P ugm-3,13.17713,P ugm-3,7.4,P ugm-3 (TEOM FDMS),4.2,P ugm-3 (TEOM FDMS),4.3,P ugm-3 (TEOM FDMS),2.3,P ugm-3 (TEOM FDMS),0.2,P ugm-3 (TEOM FDMS)
20-08-2024,24:00:00,6.5,P ugm-3 (TEOM FDMS),1.6059,P ugm-3,5.86659,P ugm-3,8.32894,P ugm-3,6,P ugm-3 (TEOM FDMS),3.4,P ugm-3 (TEOM FDMS),1.9,P ugm-3 (TEOM FDMS),0.5,P ugm-3 (TEOM FDMS),-1.5,P ugm-3 (TEOM FDMS)
21-08-2024,01:00:00,6.9,P ugm-3 (TEOM FDMS),1.1101,P ugm-3,6.222,P ugm-3,7.92412,P ugm-3,4.6,P ugm-3 (TEOM FDMS),3.1,P ugm-3 (TEOM FDMS),2.9,P ugm-3 (TEOM FDMS),2.3,P ugm-3 (TEOM FDMS),-0.2,P ugm-3 (TEOM FDMS)
21-08-2024,02:00:00,7,P ugm-3 (TEOM FDMS),0.42824,P ugm-3,4.06725,P ugm-3,4.72388,P ugm-3,5.8,P ugm-3 (TEOM FDMS),3.3,P ugm-3 (TEOM FDMS),1.6,P ugm-3 (TEOM FDMS),1.2,P ugm-3 (TEOM FDMS),-1.7,P ugm-3 (TEOM FDMS)
21-08-2024,03:00:00,6.2,P ugm-3 (TEOM FDMS),0.43967,P ugm-3,2.84963,P ugm-3,3.52378,P ugm-3,4.3,P ugm-3 (TEOM FDMS),2.4,P ugm-3 (TEOM FDMS),1.8,P ugm-3 (TEOM FDMS),1.9,P ugm-3 (TEOM FDMS),-0.7,P ugm-3 (TEOM FDMS)
21-08-2024,04:00:00,7.5,P ugm-3 (TEOM FDMS),2.716,P ugm-3,1.65909,P ugm-3,5.82356,P ugm-3,5,P ugm-3 (TEOM FDMS),3.3,P ugm-3 (TEOM FDMS),3.4,P ugm-3 (TEOM FDMS),2.5,P ugm-3 (TEOM FDMS),0,P ugm-3 (TEOM FDMS)
21-08-2024,05:00:00,9.7,P ugm-3 (TEOM FDMS),5.10458,P ugm-3,5.26416,P ugm-3,13.09106,P ugm-3,7.2,P ugm-3 (TEOM FDMS),4.2,P ugm-3 (TEOM FDMS),4.2,P ugm-3 (TEOM FDMS),2.5,P ugm-3 (TEOM FDMS),0,P ugm-3 (TEOM FDMS)
21-08-2024,06:00:00,10.7,P ugm-3 (TEOM FDMS),10.2341,P ugm-3,11.52759,P ugm-3,27.21966,P ugm-3,8.2,P ugm-3 (TEOM FDMS),4.4,P ugm-3 (TEOM FDMS),4.6,P ugm-3 (TEOM FDMS),2.5,P ugm-3 (TEOM FDMS),0.2,P ugm-3 (TEOM FDMS)
21-08-2024,07:00:00,11.7,P ugm-3 (TEOM FDMS),26.7234,P ugm-3,15.76378,P ugm-3,56.73909,P ugm-3,10.3,P ugm-3 (TEOM FDMS),6.5,P ugm-3 (TEOM FDMS),5.2,P ugm-3 (TEOM FDMS),1.4,P ugm-3 (TEOM FDMS),-1.3,P ugm-3 (TEOM FDMS)
21-08-2024,08:00:00,10.9,P ugm-3 (TEOM FDMS),11.76828,P ugm-3,12.39778,P ugm-3,30.44222,P ugm-3,7.2,P ugm-3 (TEOM FDMS),3.6,P ugm-3 (TEOM FDMS),4.1,P ugm-3 (TEOM FDMS),3.8,P ugm-3 (TEOM FDMS),0.5,P ugm-3 (TEOM FDMS)
21-08-2024,09:00:00,11.1,P ugm-3 (TEOM FDMS),11.02613,P ugm-3,9.98325,P ugm-3,26.88975,P ugm-3,9.6,P ugm-3 (TEOM FDMS),4.2,P ugm-3 (TEOM FDMS),2.9,P ugm-3 (TEOM FDMS),1.5,P ugm-3 (TEOM FDMS),-1.3,P ugm-3 (TEOM FDMS)
21-08-2024,10:00:00,12,P ugm-3 (TEOM FDMS),11.31613,P ugm-3,11.56584,P ugm-3,28.917,P ugm-3,9.6,P ugm-3 (TEOM FDMS),4.6,P ugm-3 (TEOM FDMS),4,P ugm-3 (TEOM FDMS),2.4,P ugm-3 (TEOM FDMS),-0.6,P ugm-3 (TEOM FDMS)
21-08-2024,11:00:00,0,P ugm-3 (TEOM FDMS),62.12801,P ugm-3,11.2455,P ugm-3,106.50713,P ugm-3,0,P ugm-3 (TEOM FDMS),0,P ugm-3 (TEOM FDMS),0,P ugm-3 (TEOM FDMS),0,P ugm-3 (TEOM FDMS),0,P ugm-3 (TEOM FDMS)
21-08-2024,12:00:00,12.4,P ugm-3 (TEOM FDMS),8.60013,P ugm-3,11.69972,P ugm-3,24.88641,P ugm-3,8.9,P ugm-3 (TEOM FDMS),1.4,P ugm-3 (TEOM FDMS),3.8,P ugm-3 (TEOM FDMS),3.6,P ugm-3 (TEOM FDMS),2.4,P ugm-3 (TEOM FDMS)
21-08-2024,13:00:00,18.5,P ugm-3 (TEOM FDMS),7.5181,P ugm-3,8.76881,P ugm-3,20.29641,P ugm-3,15.7,P ugm-3 (TEOM FDMS),3.2,P ugm-3 (TEOM FDMS),5.3,P ugm-3 (TEOM FDMS),2.8,P ugm-3 (TEOM FDMS),2.1,P ugm-3 (TEOM FDMS)
21-08-2024,14:00:00,18.1,P ugm-3 (TEOM FDMS),9.14271,P ugm-3,8.97919,P ugm-3,22.99781,P ugm-3,13.8,P ugm-3 (TEOM FDMS),2.6,P ugm-3 (TEOM FDMS),6.3,P ugm-3 (TEOM FDMS),4.4,P ugm-3 (TEOM FDMS),3.7,P ugm-3 (TEOM FDMS)
21-08-2024,15:00:00,13.8,P ugm-3 (TEOM FDMS),11.26624,P ugm-3,9.73941,P ugm-3,27.01406,P ugm-3,12.3,P ugm-3 (TEOM FDMS),3.4,P ugm-3 (TEOM FDMS),4.4,P ugm-3 (TEOM FDMS),1.5,P ugm-3 (TEOM FDMS),1,P ugm-3 (TEOM FDMS)
21-08-2024,16:00:00,13,P ugm-3 (TEOM FDMS),7.01918,P ugm-3,7.97513,P ugm-3,18.73772,P ugm-3,10.9,P ugm-3 (TEOM FDMS),2.8,P ugm-3 (TEOM FDMS),4.3,P ugm-3 (TEOM FDMS),2.1,P ugm-3 (TEOM FDMS),1.5,P ugm-3 (TEOM FDMS)
21-08-2024,17:00:00,10.2,P ugm-3 (TEOM FDMS),8.99303,P ugm-3,8.05641,P ugm-3,21.84553,P ugm-3,9.4,P ugm-3 (TEOM FDMS),1.7,P ugm-3 (TEOM FDMS),2,P ugm-3 (TEOM FDMS),0.8,P ugm-3 (TEOM FDMS),0.3,P ugm-3 (TEOM FDMS)
21-08-2024,18:00:00,16.4,P ugm-3 (TEOM FDMS),13.56751,P ugm-3,15.00834,P ugm-3,35.81156,P ugm-3,14,P ugm-3 (TEOM FDMS),4.1,P ugm-3 (TEOM FDMS),5.9,P ugm-3 (TEOM FDMS),2.3,P ugm-3 (TEOM FDMS),1.7,P ugm-3 (TEOM FDMS)
21-08-2024,19:00:00,16.1,P ugm-3 (TEOM FDMS),8.73422,P ugm-3,10.87734,P ugm-3,24.26963,P ugm-3,16.1,P ugm-3 (TEOM FDMS),6.6,P ugm-3 (TEOM FDMS),6.3,P ugm-3 (TEOM FDMS),-0.1,P ugm-3 (TEOM FDMS),-0.3,P ugm-3 (TEOM FDMS)
21-08-2024,20:00:00,15.1,P ugm-3 (TEOM FDMS),10.30894,P ugm-3,12.03919,P ugm-3,27.846,P ugm-3,14.3,P ugm-3 (TEOM FDMS),5.9,P ugm-3 (TEOM FDMS),6.1,P ugm-3 (TEOM FDMS),0.8,P ugm-3 (TEOM FDMS),0.3,P ugm-3 (TEOM FDMS)
21-08-2024,21:00:00,12.5,P ugm-3 (TEOM FDMS),12.75988,P ugm-3,10.97775,P ugm-3,30.54263,P ugm-3,10.9,P ugm-3 (TEOM FDMS),2.8,P ugm-3 (TEOM FDMS),3.9,P ugm-3 (TEOM FDMS),1.6,P ugm-3 (TEOM FDMS),1.1,P ugm-3 (TEOM FDMS)
21-08-2024,22:00:00,11.2,P ugm-3 (TEOM FDMS),10.55528,P ugm-3,11.08772,P ugm-3,27.27225,P ugm-3,8.3,P ugm-3 (TEOM FDMS),0.9,P ugm-3 (TEOM FDMS),3,P ugm-3 (TEOM FDMS),2.9,P ugm-3 (TEOM FDMS),2.1,P ugm-3 (TEOM FDMS)
21-08-2024,23:00:00,11.2,P ugm-3 (TEOM FDMS),8.4068,P ugm-3,9.69159,P ugm-3,22.58184,P ugm-3,9.2,P ugm-3 (TEOM FDMS),2,P ugm-3 (TEOM FDMS),3.2,P ugm-3 (TEOM FDMS),2,P ugm-3 (TEOM FDMS),1.2,P ugm-3 (TEOM FDMS)
21-08-2024,24:00:00,14.3,P ugm-3 (TEOM FDMS),3.61093,P ugm-3,6.91847,P ugm-3,12.45516,P ugm-3,7.6,P ugm-3 (TEOM FDMS),1,P ugm-3 (TEOM FDMS),6.5,P ugm-3 (TEOM FDMS),6.7,P ugm-3 (TEOM FDMS),5.5,P ugm-3 (TEOM FDMS)
22-08-2024,01:00:00,12.5,P ugm-3 (TEOM FDMS),1.18909,P ugm-3,3.71662,P ugm-3,5.53988,P ugm-3,10.7,P ugm-3 (TEOM FDMS),5,P ugm-3 (TEOM FDMS),6.1,P ugm-3 (TEOM FDMS),1.7,P ugm-3 (TEOM FDMS),1.1,P ugm-3 (TEOM FDMS)
22-08-2024,02:00:00,12.3,P ugm-3 (TEOM FDMS),0.55713,P ugm-3,3.2895,P ugm-3,4.14375,P ugm-3,8.7,P ugm-3 (TEOM FDMS),2.8,P ugm-3 (TEOM FDMS),5.6,P ugm-3 (TEOM FDMS),3.6,P ugm-3 (TEOM FDMS),2.8,P ugm-3 (TEOM FDMS)
22-08-2024,03:00:00,13.4,P ugm-3 (TEOM FDMS),0.82322,P ugm-3,3.53334,P ugm-3,4.79559,P ugm-3,8,P ugm-3 (TEOM FDMS),2.3,P ugm-3 (TEOM FDMS),6.6,P ugm-3 (TEOM FDMS),5.4,P ugm-3 (TEOM FDMS),4.3,P ugm-3 (TEOM FDMS)
22-08-2024,04:00:00,8.9,P ugm-3 (TEOM FDMS),0.80139,P ugm-3,2.82094,P ugm-3,4.04972,P ugm-3,8.5,P ugm-3 (TEOM FDMS),2,P ugm-3 (TEOM FDMS),1.9,P ugm-3 (TEOM FDMS),0.4,P ugm-3 (TEOM FDMS),-0.2,P ugm-3 (TEOM FDMS)
22-08-2024,05:00:00,10.3,P ugm-3 (TEOM FDMS),4.51834,P ugm-3,5.99091,P ugm-3,12.91894,P ugm-3,7.5,P ugm-3 (TEOM FDMS),1.5,P ugm-3 (TEOM FDMS),3.4,P ugm-3 (TEOM FDMS),2.8,P ugm-3 (TEOM FDMS),1.9,P ugm-3 (TEOM FDMS)
22-08-2024,06:00:00,13.3,P ugm-3 (TEOM FDMS),12.6102,P ugm-3,12.87591,P ugm-3,32.21128,P ugm-3,12.2,P ugm-3 (TEOM FDMS),4.8,P ugm-3 (TEOM FDMS),5.2,P ugm-3 (TEOM FDMS),1.1,P ugm-3 (TEOM FDMS),0.4,P ugm-3 (TEOM FDMS)
22-08-2024,07:00:00,15.7,P ugm-3 (TEOM FDMS),19.42046,P ugm-3,12.71813,P ugm-3,42.49575,P ugm-3,14.2,P ugm-3 (TEOM FDMS),4,P ugm-3 (TEOM FDMS),4.6,P ugm-3 (TEOM FDMS),1.5,P ugm-3 (TEOM FDMS),0.6,P ugm-3 (TEOM FDMS)
22-08-2024,08:00:00,13.8,P ugm-3 (TEOM FDMS),20.26863,P ugm-3,15.19481,P ugm-3,46.27294,P ugm-3,12.5,P ugm-3 (TEOM FDMS),3,P ugm-3 (TEOM FDMS),4,P ugm-3 (TEOM FDMS),1.3,P ugm-3 (TEOM FDMS),1,P ugm-3 (TEOM FDMS)
22-08-2024,09:00:00,17.6,P ugm-3 (TEOM FDMS),13.55815,P ugm-3,15.11831,P ugm-3,35.90719,P ugm-3,12.6,P ugm-3 (TEOM FDMS),3.8,P ugm-3 (TEOM FDMS),7.9,P ugm-3 (TEOM FDMS),4.9,P ugm-3 (TEOM FDMS),4.2,P ugm-3 (TEOM FDMS)
22-08-2024,10:00:00,21.1,P ugm-3 (TEOM FDMS),11.33796,P ugm-3,13.57875,P ugm-3,30.96338,P ugm-3,20.7,P ugm-3 (TEOM FDMS),10.1,P ugm-3 (TEOM FDMS),9.5,P ugm-3 (TEOM FDMS),0.4,P ugm-3 (TEOM FDMS),-0.6,P ugm-3 (TEOM FDMS)
22-08-2024,11:00:00,13.9,P ugm-3 (TEOM FDMS),12.61644,P ugm-3,11.44631,P ugm-3,30.79125,P ugm-3,11.7,P ugm-3 (TEOM FDMS),4,P ugm-3 (TEOM FDMS),5.2,P ugm-3 (TEOM FDMS),2.2,P ugm-3 (TEOM FDMS),1.2,P ugm-3 (TEOM FDMS)
22-08-2024,12:00:00,8.7,P ugm-3 (TEOM FDMS),9.39841,P ugm-3,9.60075,P ugm-3,24.01144,P ugm-3,9.3,P ugm-3 (TEOM FDMS),3.6,P ugm-3 (TEOM FDMS),2.7,P ugm-3 (TEOM FDMS),-0.5,P ugm-3 (TEOM FDMS),-0.8,P ugm-3 (TEOM FDMS)
22-08-2024,13:00:00,13.4,P ugm-3 (TEOM FDMS),11.05732,P ugm-3,11.48456,P ugm-3,28.43888,P ugm-3,8.5,P ugm-3 (TEOM FDMS),3.8,P ugm-3 (TEOM FDMS),7.8,P ugm-3 (TEOM FDMS),4.9,P ugm-3 (TEOM FDMS),4,P ugm-3 (TEOM FDMS)
22-08-2024,14:00:00,9.7,P ugm-3 (TEOM FDMS),14.37825,P ugm-3,12.546,P ugm-3,34.59234,P ugm-3,8.5,P ugm-3 (TEOM FDMS),3.7,P ugm-3 (TEOM FDMS),4.4,P ugm-3 (TEOM FDMS),1.3,P ugm-3 (TEOM FDMS),0.6,P ugm-3 (TEOM FDMS)
22-08-2024,15:00:00,9.4,P ugm-3 (TEOM FDMS),14.11944,P ugm-3,13.74609,P ugm-3,35.39559,P ugm-3,5.6,P ugm-3 (TEOM FDMS),2.2,P ugm-3 (TEOM FDMS),4.7,P ugm-3 (TEOM FDMS),3.8,P ugm-3 (TEOM FDMS),2.5,P ugm-3 (TEOM FDMS)
22-08-2024,16:00:00,5.2,P ugm-3 (TEOM FDMS),12.63515,P ugm-3,8.91225,P ugm-3,28.28588,P ugm-3,3.9,P ugm-3 (TEOM FDMS),1.8,P ugm-3 (TEOM FDMS),2.5,P ugm-3 (TEOM FDMS),1.2,P ugm-3 (TEOM FDMS),0.7,P ugm-3 (TEOM FDMS)
22-08-2024,17:00:00,8.7,P ugm-3 (TEOM FDMS),14.59341,P ugm-3,10.51875,P ugm-3,32.895,P ugm-3,6.5,P ugm-3 (TEOM FDMS),4.7,P ugm-3 (TEOM FDMS),6.3,P ugm-3 (TEOM FDMS),2.2,P ugm-3 (TEOM FDMS),1.6,P ugm-3 (TEOM FDMS)
22-08-2024,18:00:00,8.7,P ugm-3 (TEOM FDMS),12.86278,P ugm-3,11.79534,P ugm-3,31.518,P ugm-3,3,P ugm-3 (TEOM FDMS),0,P ugm-3 (TEOM FDMS),4.5,P ugm-3 (TEOM FDMS),5.7,P ugm-3 (TEOM FDMS),4.5,P ugm-3 (TEOM FDMS)
22-08-2024,19:00:00,14,P ugm-3 (TEOM FDMS),12.84407,P ugm-3,14.40591,P ugm-3,34.09988,P ugm-3,9.6,P ugm-3 (TEOM FDMS),5.6,P ugm-3 (TEOM FDMS),9,P ugm-3 (TEOM FDMS),4.4,P ugm-3 (TEOM FDMS),3.4,P ugm-3 (TEOM FDMS)
22-08-2024,20:00:00,6.5,P ugm-3 (TEOM FDMS),10.047,P ugm-3,7.45397,P ugm-3,22.85916,P ugm-3,6.9,P ugm-3 (TEOM FDMS),4.5,P ugm-3 (TEOM FDMS),3.5,P ugm-3 (TEOM FDMS),-0.4,P ugm-3 (TEOM FDMS),-1,P ugm-3 (TEOM FDMS)
22-08-2024,21:00:00,8.2,P ugm-3 (TEOM FDMS),7.57111,P ugm-3,8.06119,P ugm-3,19.67006,P ugm-3,3.7,P ugm-3 (TEOM FDMS),1.6,P ugm-3 (TEOM FDMS),5,P ugm-3 (TEOM FDMS),4.5,P ugm-3 (TEOM FDMS),3.3,P ugm-3 (TEOM FDMS)
22-08-2024,22:00:00,4.5,P ugm-3 (TEOM FDMS),4.69297,P ugm-3,9.47166,P ugm-3,16.66744,P ugm-3,1.8,P ugm-3 (TEOM FDMS),0.3,P ugm-3 (TEOM FDMS),2.6,P ugm-3 (TEOM FDMS),2.8,P ugm-3 (TEOM FDMS),2.3,P ugm-3 (TEOM FDMS)
22-08-2024,23:00:00,4.5,P ugm-3 (TEOM FDMS),3.47061,P ugm-3,6.20606,P ugm-3,11.52759,P ugm-3,2.8,P ugm-3 (TEOM FDMS),0.7,P ugm-3 (TEOM FDMS),1.8,P ugm-3 (TEOM FDMS),1.6,P ugm-3 (TEOM FDMS),1.1,P ugm-3 (TEOM FDMS)
22-08-2024,24:00:00,7.6,P ugm-3 (TEOM FDMS),2.96234,P ugm-3,4.17403,P ugm-3,8.71622,P ugm-3,3.7,P ugm-3 (TEOM FDMS),0.8,P ugm-3 (TEOM FDMS),3.8,P ugm-3 (TEOM FDMS),3.9,P ugm-3 (TEOM FDMS),3,P ugm-3 (TEOM FDMS)
23-08-2024,01:00:00,7,P ugm-3 (TEOM FDMS),1.26809,P ugm-3,3.009,P ugm-3,4.95338,P ugm-3,1.9,P ugm-3 (TEOM FDMS),0.5,P ugm-3 (TEOM FDMS),4.4,P ugm-3 (TEOM FDMS),5.1,P ugm-3 (TEOM FDMS),3.9,P ugm-3 (TEOM FDMS)
23-08-2024,02:00:00,7.2,P ugm-3 (TEOM FDMS),1.15583,P ugm-3,1.326,P ugm-3,3.09825,P ugm-3,1.2,P ugm-3 (TEOM FDMS),-0.6,P ugm-3 (TEOM FDMS),4,P ugm-3 (TEOM FDMS),5.9,P ugm-3 (TEOM FDMS),4.6,P ugm-3 (TEOM FDMS)
23-08-2024,03:00:00,4.7,P ugm-3 (TEOM FDMS),0.84816,P ugm-3,2.0655,P ugm-3,3.366,P ugm-3,-0.4,P ugm-3 (TEOM FDMS),-1.9,P ugm-3 (TEOM FDMS),2.2,P ugm-3 (TEOM FDMS),5.1,P ugm-3 (TEOM FDMS),4.2,P ugm-3 (TEOM FDMS)
23-08-2024,04:00:00,4.8,P ugm-3 (TEOM FDMS),0.96978,P ugm-3,3.9015,P ugm-3,5.38847,P ugm-3,2.7,P ugm-3 (TEOM FDMS),0.7,P ugm-3 (TEOM FDMS),1.8,P ugm-3 (TEOM FDMS),2.1,P ugm-3 (TEOM FDMS),1.1,P ugm-3 (TEOM FDMS)
23-08-2024,05:00:00,9.6,P ugm-3 (TEOM FDMS),6.56392,P ugm-3,2.54363,P ugm-3,12.60816,P ugm-3,4.6,P ugm-3 (TEOM FDMS),2.6,P ugm-3 (TEOM FDMS),6.6,P ugm-3 (TEOM FDMS),5.1,P ugm-3 (TEOM FDMS),4,P ugm-3 (TEOM FDMS)
23-08-2024,06:00:00,6,P ugm-3 (TEOM FDMS),5.21683,P ugm-3,6.66984,P ugm-3,14.66888,P ugm-3,5.9,P ugm-3 (TEOM FDMS),4,P ugm-3 (TEOM FDMS),3.4,P ugm-3 (TEOM FDMS),0,P ugm-3 (TEOM FDMS),-0.6,P ugm-3 (TEOM FDMS)
23-08-2024,07:00:00,2,P ugm-3 (TEOM FDMS),9.87862,P ugm-3,7.803,P ugm-3,22.95,P ugm-3,6.1,P ugm-3 (TEOM FDMS),4.7,P ugm-3 (TEOM FDMS),0.6,P ugm-3 (TEOM FDMS),-4,P ugm-3 (TEOM FDMS),-4.1,P ugm-3 (TEOM FDMS)
23-08-2024,08:00:00,4.8,P ugm-3 (TEOM FDMS),7.07531,P ugm-3,7.47309,P ugm-3,18.32175,P ugm-3,9.7,P ugm-3 (TEOM FDMS),4.9,P ugm-3 (TEOM FDMS),0.1,P ugm-3 (TEOM FDMS),-4.9,P ugm-3 (TEOM FDMS),-4.8,P ugm-3 (TEOM FDMS)
23-08-2024,09:00:00,9.9,P ugm-3 (TEOM FDMS),8.3725,P ugm-3,7.65956,P ugm-3,20.49722,P ugm-3,12.1,P ugm-3 (TEOM FDMS),7.2,P ugm-3 (TEOM FDMS),4.9,P ugm-3 (TEOM FDMS),-2.2,P ugm-3 (TEOM FDMS),-2.3,P ugm-3 (TEOM FDMS)
23-08-2024,10:00:00,6.2,P ugm-3 (TEOM FDMS),10.74861,P ugm-3,3.86325,P ugm-3,20.34422,P ugm-3,8.5,P ugm-3 (TEOM FDMS),3.4,P ugm-3 (TEOM FDMS),1,P ugm-3 (TEOM FDMS),-2.3,P ugm-3 (TEOM FDMS),-2.4,P ugm-3 (TEOM FDMS)
23-08-2024,11:00:00,5.8,P ugm-3 (TEOM FDMS),11.74645,P ugm-3,13.32056,P ugm-3,31.33153,P ugm-3,9.3,P ugm-3 (TEOM FDMS),4.3,P ugm-3 (TEOM FDMS),1.1,P ugm-3 (TEOM FDMS),-3.4,P ugm-3 (TEOM FDMS),-3.1,P ugm-3 (TEOM FDMS)
23-08-2024,12:00:00,11.5,P ugm-3 (TEOM FDMS),8.5253,P ugm-3,8.83575,P ugm-3,21.90769,P ugm-3,10.3,P ugm-3 (TEOM FDMS),5.4,P ugm-3 (TEOM FDMS),6,P ugm-3 (TEOM FDMS),1.2,P ugm-3 (TEOM FDMS),0.5,P ugm-3 (TEOM FDMS)
23-08-2024,13:00:00,10,P ugm-3 (TEOM FDMS),14.65889,P ugm-3,6.73678,P ugm-3,29.21344,P ugm-3,10.1,P ugm-3 (TEOM FDMS),5.4,P ugm-3 (TEOM FDMS),5.5,P ugm-3 (TEOM FDMS),-0.1,P ugm-3 (TEOM FDMS),0,P ugm-3 (TEOM FDMS)
23-08-2024,14:00:00,13.2,P ugm-3 (TEOM FDMS),12.19236,P ugm-3,14.37244,P ugm-3,33.06713,P ugm-3,11.2,P ugm-3 (TEOM FDMS),5.7,P ugm-3 (TEOM FDMS),7.5,P ugm-3 (TEOM FDMS),2,P ugm-3 (TEOM FDMS),1.7,P ugm-3 (TEOM FDMS)
23-08-2024,15:00:00,10.8,P ugm-3 (TEOM FDMS),8.79658,P ugm-3,11.38894,P ugm-3,24.87684,P ugm-3,8.1,P ugm-3 (TEOM FDMS),3.9,P ugm-3 (TEOM FDMS),6.1,P ugm-3 (TEOM FDMS),2.7,P ugm-3 (TEOM FDMS),2.2,P ugm-3 (TEOM FDMS)
23-08-2024,16:00:00,5.7,P ugm-3 (TEOM FDMS),14.3689,P ugm-3,7.2675,P ugm-3,29.2995,P ugm-3,5.2,P ugm-3 (TEOM FDMS),1.5,P ugm-3 (TEOM FDMS),1.8,P ugm-3 (TEOM FDMS),0.5,P ugm-3 (TEOM FDMS),0.3,P ugm-3 (TEOM FDMS)
23-08-2024,17:00:00,6.4,P ugm-3 (TEOM FDMS),9.84432,P ugm-3,13.617,P ugm-3,28.71141,P ugm-3,10.2,P ugm-3 (TEOM FDMS),5.8,P ugm-3 (TEOM FDMS),1.8,P ugm-3 (TEOM FDMS),-3.8,P ugm-3 (TEOM FDMS),-4,P ugm-3 (TEOM FDMS)
23-08-2024,18:00:00,11.3,P ugm-3 (TEOM FDMS),11.52817,P ugm-3,14.58759,P ugm-3,32.26388,P ugm-3,11.7,P ugm-3 (TEOM FDMS),6.1,P ugm-3 (TEOM FDMS),5.4,P ugm-3 (TEOM FDMS),-0.4,P ugm-3 (TEOM FDMS),-0.7,P ugm-3 (TEOM FDMS)
23-08-2024,19:00:00,14.6,P ugm-3 (TEOM FDMS),8.98992,P ugm-3,18.69469,P ugm-3,32.47903,P ugm-3,11.4,P ugm-3 (TEOM FDMS),5.1,P ugm-3 (TEOM FDMS),7.3,P ugm-3 (TEOM FDMS),3.2,P ugm-3 (TEOM FDMS),2.2,P ugm-3 (TEOM FDMS)
23-08-2024,20:00:00,13.6,P ugm-3 (TEOM FDMS),14.72438,P ugm-3,18.64209,P ugm-3,41.21916,P ugm-3,11.9,P ugm-3 (TEOM FDMS),6.2,P ugm-3 (TEOM FDMS),7.5,P ugm-3 (TEOM FDMS),1.7,P ugm-3 (TEOM FDMS),1.3,P ugm-3 (TEOM FDMS)
23-08-2024,21:00:00,16.1,P ugm-3 (TEOM FDMS),15.11728,P ugm-3,26.22994,P ugm-3,49.40944,P ugm-3,13.1,P ugm-3 (TEOM FDMS),5.6,P ugm-3 (TEOM FDMS),7.7,P ugm-3 (TEOM FDMS),3,P ugm-3 (TEOM FDMS),2.1,P ugm-3 (TEOM FDMS)
23-08-2024,22:00:00,14.9,P ugm-3 (TEOM FDMS),15.96544,P ugm-3,23.97319,P ugm-3,48.45319,P ugm-3,11.7,P ugm-3 (TEOM FDMS),3.9,P ugm-3 (TEOM FDMS),6.5,P ugm-3 (TEOM FDMS),3.2,P ugm-3 (TEOM FDMS),2.6,P ugm-3 (TEOM FDMS)
23-08-2024,23:00:00,15.8,P ugm-3 (TEOM FDMS),16.07458,P ugm-3,21.12356,P ugm-3,45.77091,P ugm-3,13.9,P ugm-3 (TEOM FDMS),5,P ugm-3 (TEOM FDMS),6.3,P ugm-3 (TEOM FDMS),1.8,P ugm-3 (TEOM FDMS),1.2,P ugm-3 (TEOM FDMS)
23-08-2024,24:00:00,14.6,P ugm-3 (TEOM FDMS),5.22931,P ugm-3,16.31363,P ugm-3,24.33178,P ugm-3,12.4,P ugm-3 (TEOM FDMS),5.3,P ugm-3 (TEOM FDMS),6.6,P ugm-3 (TEOM FDMS),2.2,P ugm-3 (TEOM FDMS),1.3,P ugm-3 (TEOM FDMS)
,,,,,,,,,,,,,,,,,,,
end of file,,,,,,,,,,,,,,,,,,,
